{"count":1,"self":95.4264256,"total":95.7282668,"children":{"AgentSendState":{"count":1897,"self":0.030863199999999997,"total":0.0328588,"children":{"CollectObservations":{"count":380,"self":0.00099779999999999986,"total":0.00099779999999999986,"children":null},"CollectDiscreteActionMasks":{"count":380,"self":0.00099779999999999986,"total":0.00099779999999999986,"children":null}}},"DecideAction":{"count":1897,"self":0.21434309999999998,"total":0.21434309999999998,"children":null},"AgentAct":{"count":1897,"self":0.052643699999999995,"total":0.052643699999999995,"children":null}},"gauges":{},"metadata":{"timer_format_version":"0.1.0","start_time_seconds":"1600521555","unity_version":"2020.1.3f1","command_line_arguments":"D:\\Program Studios\\Unity\\2020.1.3f1\\Editor\\Unity.exe -projectpath D:\/Project Files\/Unity Projects\/AI Shodan -useHub -hubIPC -cloudEnvironment production -hubSessionId a3dc3d40-fa57-11ea-a0b5-db6e4d2315c1 -accessToken QjRj24pHD3UGgPoWGBI-W26C1jLmX15DqtQmWZ0Cf_I001f","communication_protocol_version":"1.0.0","com.unity.ml-agents_version":"1.0.3","scene_name":"SampleScene","end_time_seconds":"1600521651"}}